,labels,0,1,2
0,bahagia,-0.7829142527164893,0.22879898045536368,-0.2182504896685117
1,bahagia,-1.1936191915280578,0.7931043388948531,-0.47139975952357893
2,bahagia,-1.1514932641315105,0.7044232180993949,-0.4274539866433298
3,bahagia,-1.2222470484938737,0.7641497651508687,-0.34293409884500886
4,bahagia,-1.1559196655404362,0.8829424862822434,-0.5996356953713761
5,bahagia,-0.8728046277957219,0.22221301785081704,-0.1662395493108459
6,bahagia,-0.9890666884680461,0.5511101409642656,-0.40243946858487906
7,bahagia,-0.9742937283278195,0.2581560985194076,-0.14481659385496337
8,bahagia,-0.9490982753829754,0.5421586730945589,-0.38645123725399205
9,bahagia,-0.9252080498241966,0.25316242190245,-0.2022559369715872
10,marah,-1.009335536364429,0.694263479479095,-0.5722321997339659
11,marah,-0.8623907151186937,0.39501514032630836,-0.3709948384282675
12,marah,-0.7919930663221801,0.4828658244808252,-0.5527176269506754
13,marah,-0.5179782633824228,-0.26287382024332534,-0.08615617393085387
14,marah,-1.26314592978236,0.7283950730300488,-0.2723849227813857
15,marah,-0.8163349425037728,0.30613047315579944,-0.3454189753158989
16,marah,-0.666218222965629,-0.02075165107232413,-0.1843531775415553
17,marah,-0.6785365635348941,0.013003214268881971,-0.17035332135420586
18,marah,-0.9253165980892143,0.32988360847096937,-0.2135475047548742
19,marah,-1.083750150918139,0.7625337983718176,-0.519469321983733
20,kecewa,-0.8238413932713439,0.1594121816421799,-0.19514821490386483
21,kecewa,-1.0198768427452454,0.4620915994809879,-0.30725057807396294
22,kecewa,-1.0575836522644049,0.5602705823107299,-0.3963548925681409
23,kecewa,-1.09772755093399,0.5921488238040535,-0.40971168920964574
24,kecewa,-1.00853545574128,0.4405225711064915,-0.32906165952594035
25,kecewa,-1.169349868645477,0.6940872733559511,-0.3878355983073363
26,kecewa,-0.9169841299146217,0.16129960865861462,-0.10249908113752343
27,kecewa,-0.9364718360271914,0.2406408406937916,-0.1547303669249759
28,kecewa,-1.0377865128229278,0.3932409849952002,-0.23620429692102016
29,kecewa,-1.1154004666159267,0.6055775214704062,-0.2325603712166049
30,sedih,-1.141472909407593,0.8131729654801031,-0.5279068073746424
31,sedih,-0.6336777843141101,0.23969298215226054,-0.49819882849702224
32,sedih,-1.1346420586754005,0.3301646194626111,0.012027987717342349
33,sedih,-1.1411718959190993,0.6091399382618938,-0.29473858963050487
34,sedih,-1.4472847866914476,1.0437648047521362,-0.49302344951865956
35,sedih,-1.3983675687559596,0.9027080893697941,-0.3324837376655585
36,sedih,-0.9103984785447125,0.4283618067560222,-0.3749544168441159
37,sedih,-1.0207093555892461,0.3115619974212649,-0.10972679356009196
38,sedih,-1.185384278774058,0.7300109372114645,-0.372926564162354
39,sedih,-0.8862491191434623,0.3862364051796686,-0.3461858517273896
40,bahagia,-0.9581741269013642,0.3445927087001315,-0.18829101548359847
41,bahagia,-0.7414609861914979,-0.0802183794856645,-0.012230085731424712
42,bahagia,-0.9180812696095266,0.29259175880120014,-0.1898430514373496
43,bahagia,-1.2495879105729348,0.8145338858290648,-0.46227655548901225
44,bahagia,-1.0097040097058274,0.35227702489030144,-0.233884847532456
45,bahagia,-1.0192985966444348,0.5163191806957057,-0.36454519555212944
46,bahagia,-0.9980342613949278,0.31832977772892973,-0.19751993719821434
47,bahagia,-1.179491731292514,0.4924302394540916,-0.18869662431587414
48,bahagia,-1.2043962416610927,0.28762019981596243,0.05335232864782066
49,bahagia,-0.8720277695548301,0.3713259316867704,-0.23668599840701166
50,marah,-0.8534852444241333,0.476940765662141,-0.41395938704179436
51,marah,-1.4223721346747222,0.9390424750587452,-0.3600837988473612
52,marah,-0.9990206968923745,0.47964687645100046,-0.2915943919682471
53,marah,-1.274979543982845,0.5873412402423076,-0.12917179781980678
54,marah,-1.1073032876261715,0.5523200978447758,-0.24822595105283898
55,marah,-1.2369703271253751,0.6815022506146684,-0.2881261080094072
56,marah,-1.0114578955964904,0.5537048321069675,-0.3407355044195734
57,marah,-1.0460809304614347,0.6440677895068073,-0.3889756679918184
58,marah,-1.4113547781959928,0.9534467152868606,-0.41625943560675943
59,marah,-1.1404110935007339,0.7556376801911866,-0.4347708858935253
60,kecewa,-0.7859148136415046,0.18006936185868072,-0.2564084129598076
61,kecewa,-1.0860335388810645,0.43517777740538266,-0.22486996359673392
62,kecewa,-0.831021750084677,0.3805080568218696,-0.4231805623936754
63,kecewa,-1.166245051378436,0.5742897061069551,-0.23064161756078636
64,kecewa,-0.8751717936731396,0.11359036183378612,-0.0661728687765329
65,kecewa,-1.007987211488425,0.41992752388690974,-0.31191171182528876
66,kecewa,-0.7000012612457365,0.11890759267418138,-0.2702786652699919
67,kecewa,-0.9495504865527502,0.34129663128176824,-0.30689814160808154
68,kecewa,-0.7651889151644542,0.3198659885437537,-0.4402470824541763
69,kecewa,-1.0264240501471817,0.38227313995277257,-0.1856242251615067
70,sedih,-1.1001427097285408,0.6835466725312601,-0.4380751926526623
71,sedih,-1.0530744141908608,0.5853847563111748,-0.40939845247771217
72,sedih,-0.8078758854470619,0.06318237172863929,-0.07222649723846282
73,sedih,-1.2487372443520608,0.694456088636574,-0.285688961770963
74,sedih,-1.4832684301865422,1.1075290166993255,-0.4781283173979034
75,sedih,-1.1235385994278257,0.4131835821868153,-0.14652652019861254
76,sedih,-0.8464226316605893,0.2571424304862888,-0.2188160338745678
77,sedih,-1.0969193271975335,0.576474880963701,-0.3489344380388826
78,sedih,-0.5237132685331966,-0.059780028717470346,-0.2720390022986979
79,sedih,-1.0398191138147508,0.43826843624664535,-0.23868969120324898
80,bahagia,-1.5010092017556305,0.950343422638102,-0.27055405698790364
81,bahagia,-0.9571833212092687,0.35089643769398243,-0.17273984666965755
82,bahagia,-1.168604373035376,0.5696698386078755,-0.20487158728022942
83,bahagia,-1.1432361717828667,0.3347917259943544,-0.05572304769866816
84,bahagia,-1.2575894597985409,0.6259672772203273,-0.20220327025852514
85,bahagia,-1.0094557300205098,0.4041038222035669,-0.21260854870658885
86,bahagia,-1.2549588413606496,0.8149688334377598,-0.4274630118054069
87,bahagia,-0.9028413134014166,0.3547795806756726,-0.23529823153555754
88,bahagia,-0.9274944130413605,0.02823832612752336,0.12901666507859325
89,bahagia,-1.2820691096977213,0.6687370060707327,-0.250103801890836
90,marah,-0.9953583543574807,0.44641690705949766,-0.3017159721457415
91,marah,-1.0615394744461575,0.694479595625612,-0.5143346377244115
92,marah,-1.0878666325175588,0.5497780904772746,-0.3142622051630039
93,marah,-1.1646613343288785,0.7269684688871925,-0.3652855921670737
94,marah,-1.089553929716173,0.39539657668155004,-0.1699902810597719
95,marah,-1.139929558530557,0.6937500764995599,-0.44919956956001467
96,marah,-1.489476741312958,1.0365912341635655,-0.3953139402168348
97,marah,-0.77111810894149,0.11934934789843432,-0.10970337302041343
98,marah,-0.9658395303009704,0.33855750090334485,-0.21949743048305284
99,marah,-0.8916330156866822,0.6048152332519197,-0.5598003799055726
100,kecewa,-1.0751905505652133,0.7167910154941056,-0.5357010183928661
101,kecewa,-1.3519570926200406,0.7961639874489377,-0.2824494127155472
102,kecewa,-0.8585421025181937,0.2571352432078473,-0.23940616980258353
103,kecewa,-0.8062682076893868,-0.022445355967849957,0.049282717061840134
104,kecewa,-1.0722825431183107,0.5941488952360675,-0.3658740482097431
105,kecewa,-1.335366282954062,0.7172398170378302,-0.193294687743242
106,kecewa,-0.6734409078004562,-0.0015093121011173771,-0.22710629631098536
107,kecewa,-0.9506470678907721,0.2112145076612551,-0.08806837303735204
108,kecewa,-1.0906980106811124,0.3206577336662426,-0.009601115316983589
109,kecewa,-0.9376071950882895,0.4213722258870157,-0.2491338876389317
110,sedih,-0.8018828972277809,0.16211626863352396,-0.21014180800392668
111,sedih,-1.4151602355226816,1.0673831559328164,-0.46203655247661946
112,sedih,-0.9031603943353856,0.280807795978094,-0.19489423164791544
113,sedih,-1.26696985376159,0.6488713164839022,-0.16529825763207212
114,sedih,-1.1392730726194782,0.5461842994090873,-0.25035243756669284
115,sedih,-1.230075121671481,0.6662177244242133,-0.244693644996961
116,sedih,-1.0849200911986139,0.522878378447961,-0.24956303872661925
117,sedih,-0.9211965315263984,0.25986696118031677,-0.19853615822375745
118,sedih,-1.0179973791270152,0.4846684784934718,-0.2199820089520705
119,sedih,-0.8905885511909891,0.07842796421577909,0.004608134696574457
120,bahagia,-1.1271077720122809,0.7513310062656229,-0.4535868081668418
121,bahagia,-1.0515383199570665,0.16125780953804625,0.05000860443344294
122,bahagia,-1.0376931866485262,0.4356200936763541,-0.15132002958532265
123,bahagia,-0.8221184934541469,0.10665206234885787,-0.13466206010485893
124,bahagia,-1.3150737099658578,0.9321980255215856,-0.444267375589765
125,bahagia,-0.7832032011792573,-0.0786718430255651,0.03494199392593851
126,bahagia,-0.9571479721399767,0.3465000247173532,-0.15905323751253436
127,bahagia,-1.0238384782971435,0.3337090108197812,-0.1233352266653001
128,bahagia,-1.2236640322648957,0.5161876483076333,-0.1102436619256792
129,bahagia,-0.8684021534972585,0.23394046330642665,-0.17294974970471907
130,marah,-0.8473811055599607,0.24825900911328863,-0.24503935987671863
131,marah,-0.726278926985883,0.043478787399191615,-0.20099988531511007
132,marah,-0.9416316758132285,0.32992701375100797,-0.1633595587478219
133,marah,-0.729249317854281,0.12257423354181658,-0.30016800841163427
134,marah,-0.4931543876277445,-0.20558470650218014,-0.1667609858337995
135,marah,-1.003502291897116,0.5797787356793669,-0.48121180986114437
136,marah,-0.715369198140272,0.09005706007318125,-0.27080207417013663
137,marah,-0.9833291404218273,0.5150500083475902,-0.40952555000781754
138,marah,-1.1557182101199999,0.49220917586548607,-0.17191393126641907
139,marah,-0.8856861877361681,0.29801684138220935,-0.2628617372618416
140,kecewa,-0.9369146766824668,0.299005866738438,-0.1701565685373799
141,kecewa,-0.3919422907192694,-0.4494787839920258,-0.020673065188847258
142,kecewa,-1.2734242299927174,0.6358511325161147,-0.2703548169264061
143,kecewa,-0.8719171768849585,0.4295381452388092,-0.4483222247255172
144,kecewa,-0.8249536006791467,-0.14326742443658322,0.10804585430486181
145,kecewa,-0.5433315344580163,-0.2786994501993371,0.03530029084136579
146,kecewa,-0.8478549887303014,0.3544666019574789,-0.30635243059340084
147,kecewa,-1.1779513142375333,0.545517195075032,-0.24837947346855196
148,kecewa,-1.049832694129561,0.5959314179303143,-0.4345725732494693
149,kecewa,-0.7140888021186255,-0.11293592534640262,-0.06517883020477942
150,sedih,-0.9932123451705908,0.4838404810436482,-0.3563466581341493
151,sedih,-0.9069840417449887,0.4423230865886033,-0.37688802558198314
152,sedih,-1.183494744705699,0.6753497505118775,-0.33493386462906427
153,sedih,-1.173739699765997,0.49817573195203824,-0.18977813084193407
154,sedih,-0.7323721825984684,-0.07286243259956626,-0.043085157443999614
155,sedih,-1.0177106758694223,0.3871461151037372,-0.2658610643365316
156,sedih,-0.7763585465420864,-0.05133268056713445,0.003269028226615035
157,sedih,-0.7444975312561212,-0.19106231425011547,0.15993988880181761
158,sedih,-0.7438312226247544,0.032723852041694354,-0.0854306121371247
159,sedih,-0.9562578457009143,0.6246684326459374,-0.584934848671243
160,bahagia,-0.8539810284623838,0.05828284374229678,0.004687054484671451
161,bahagia,-1.1535895661801427,0.6896303496628493,-0.3181195902143998
162,bahagia,-1.2473053526834421,0.6354672709735992,-0.2069550267086537
163,bahagia,-0.8776242000556529,0.25548072818267054,-0.18816431291315347
164,bahagia,-1.3306556472740176,0.9714582432744825,-0.5162722502904818
165,bahagia,-0.8778666460506263,0.33263257332648766,-0.3248965000779705
166,bahagia,-0.918085655921592,0.055863720955455616,0.020214417659864224
167,bahagia,-1.020040339042974,0.19053643314725843,-0.004264411671334756
168,bahagia,-1.5456556640498327,1.0937372810079111,-0.4177121000278772
169,bahagia,-1.014700196159408,0.16605685753123803,0.08404795985111445
170,marah,-0.8612048282385663,0.343291465763495,-0.31872866693120383
171,marah,-1.3162743469921105,0.8958062538945732,-0.41591993716922215
172,marah,-0.702379135433488,-0.08197561020428817,0.005082305397786017
173,marah,-1.2726329182029896,0.7119889564306736,-0.2776557192872836
174,marah,-0.8132108612665829,-0.08099252147270342,0.053965523929509956
175,marah,-1.4047505560422748,0.8209005718442057,-0.2489129581221955
176,marah,-0.6845052927453794,0.12343014774128802,-0.2137579590950791
177,marah,-1.0032919052236549,0.30550728736674626,-0.1264047407666364
178,marah,-0.7986826653701963,0.17877223411694124,-0.23293054129332727
179,marah,-0.8186411970174194,0.09311503474813487,-0.11838260741565805
180,kecewa,-0.8507353582922645,0.2889451904733301,-0.29862547544292933
181,kecewa,-1.4781003156855193,1.0485906973103174,-0.44982539541530675
182,kecewa,-0.8097977637312044,0.1415673310337727,-0.2000199495551924
183,kecewa,-0.8052109463535482,0.06917767042154283,-0.006132630136482775
184,kecewa,-0.6694414199020485,-0.010389552652008194,-0.19867868114420517
185,kecewa,-1.056274839809037,0.3676226310077496,-0.16393035609040663
186,kecewa,-0.9290018851546906,0.3779476678067047,-0.3177489074807649
187,kecewa,-1.1189176270021683,0.6361490368249225,-0.36742013057171086
188,kecewa,-1.276393140481279,0.6970652574069773,-0.23554294800171877
189,kecewa,-1.1555496487206305,0.35623940765808126,0.015910119100490266
190,sedih,-0.6757337940387569,-0.021605189123960075,-0.14963162998422438
191,sedih,-0.7500708263355021,0.19719767398086702,-0.17517891860433743
192,sedih,-0.8977699099862573,0.6260797213842082,-0.6043753860052526
193,sedih,-0.5379815694923031,0.06440035030576388,-0.36617089061250147
194,sedih,-0.7494795748212266,-0.00015739863311729774,-0.08053802114318577
195,sedih,-0.8996097732170606,0.3198958629518992,-0.21060172767332455
196,sedih,-1.1767772638821232,0.6525466212921421,-0.3328306603906267
197,sedih,-0.9685047827820261,0.3044229950941893,-0.14835381645949297
198,sedih,-0.9544854277388436,0.12127925887854846,0.02459509006704506
199,bahagia,-1.1283787527852183,0.6614149229011312,-0.4216382190054931
200,bahagia,-0.5890640055317764,-0.1344510996055318,-0.1273851012608593
201,bahagia,-1.221460732847608,0.8035449624137923,-0.473343443783741
202,bahagia,-1.0741314436499811,0.5363912960736299,-0.2916797902122409
203,bahagia,-0.8105281940280394,0.21065304308029617,-0.2770886333030198
204,bahagia,-1.236715141614725,0.9878956096252365,-0.618972373083348
205,bahagia,-1.3588167890486977,0.9938855139034473,-0.48982947801324495
206,bahagia,-1.2699513497056254,0.8322966648715451,-0.39430464636184015
207,bahagia,-1.142245659078276,0.6073708885297568,-0.3082402571660998
208,bahagia,-0.8213035033059021,0.41154822297123944,-0.4781899649498074
209,marah,-1.1479256221641667,0.7053016367765397,-0.4210428936958929
210,marah,-0.8966825235984371,0.048227909783994063,-0.004510858261821704
211,marah,-0.9574843827867279,0.3775028625767516,-0.27235355204545086
212,marah,-0.9223841288119761,0.6255043449190714,-0.6311001878266678
213,marah,-0.9728781470279844,0.28219710246599217,-0.1361799587291336
214,marah,-0.7986989214536196,0.18872329283192296,-0.27329826109844463
215,marah,-1.2848208348485928,0.9656078915379287,-0.5402356655325865
216,marah,-1.3144524637544894,0.9322355657777284,-0.4734861542482976
217,marah,-1.0871546631998315,0.638398936837725,-0.3464602865980965
218,marah,-1.4625096034591605,0.7617504900666431,-0.14173007474249058
219,kecewa,-1.046900850451434,0.6134153654552896,-0.37481226099482107
220,kecewa,-0.9377034768652743,0.4490525571298946,-0.3481420830543691
221,kecewa,-0.9391790301553397,0.547037971670743,-0.46998885364879894
222,kecewa,-1.0919394760663683,0.35921655643356987,-0.17489580861246645
223,kecewa,-0.8944261112668467,0.4282492524226065,-0.39460127620844
224,kecewa,-0.8608981287904629,0.38279591759758447,-0.39646024328903406
225,kecewa,-0.9440168730793591,0.4088147636351869,-0.2806183007205568
226,kecewa,-0.7035898723063936,-0.006068695830523219,-0.18551376794101793
227,kecewa,-0.9800064325825475,0.28611330346469477,-0.13488160625405615
228,kecewa,-0.5077943621059586,-0.060180983142298056,-0.33492945250564093
229,sedih,-0.9924869046802887,0.5262524832395512,-0.406592873085409
230,sedih,-0.9614945334550706,0.45247523086388114,-0.4059071548050391
231,sedih,-0.9110908757557572,0.08936110149623114,-0.027953006419196118
232,sedih,-0.7205022524373289,-0.014751865285934307,-0.11518928838237917
233,sedih,-0.9072086699811548,0.25532733133797725,-0.2607686797653323
234,sedih,-1.071671112784696,0.7447707897830556,-0.5885183840990439
235,sedih,-0.9918120461266741,0.46113210557124007,-0.36321628803812783
236,sedih,-0.9419554414895438,0.33372795300117497,-0.20419576405468373
237,sedih,-1.0274016153277272,0.40085454972149615,-0.23571986282547835
238,sedih,-0.6362944314897518,-0.10919664856184282,-0.13436298770595934
239,bahagia,-0.9233980528799811,0.15422359258247992,-0.07253192626981629
240,bahagia,-0.8933111366770865,0.2859788668906222,-0.22071803991518632
241,bahagia,-1.0207427825156379,0.4388906090995838,-0.20935350279315249
242,bahagia,-1.1292599954101983,0.3562788643163031,-0.013576689864634645
243,bahagia,-1.4885835975622488,1.2086335445483596,-0.5920740021492942
244,bahagia,-0.5569453979809685,-0.07967514280910953,-0.14601298365051124
245,bahagia,-1.23668035804745,0.870486129099948,-0.39355616923236025
246,bahagia,-1.6300782499138147,1.2199794260902261,-0.44345080305747725
247,bahagia,-1.0248725514449946,0.3058243352410778,-0.09001852758815723
248,bahagia,-1.1283895686009344,0.49634434737184296,-0.20959250243993502
249,marah,-0.9016886214780621,0.21307872636427544,-0.15413851497844436
250,marah,-0.9550570184042383,0.4657458801553833,-0.23461888256729668
251,marah,-1.4234299139005195,1.03294921016324,-0.4554925280578554
252,marah,-0.9770495365062294,0.3324094788168741,-0.1232812889879395
253,marah,-0.8930499243715051,0.2916846858448438,-0.2649514909554318
254,marah,-1.150902640590264,0.743178120278822,-0.4294740414930419
255,marah,-1.1748349049170463,0.8432563005393494,-0.4452100883376002
256,marah,-1.4867709555964406,0.9250280502037151,-0.2870181476461779
257,marah,-1.0005793842704591,0.5192953225399523,-0.36224513977220046
258,marah,-0.4736414647252903,-0.34503857287550255,0.0563507882834728
259,kecewa,-0.9013725158322509,0.5907534602482956,-0.5692020230625466
260,kecewa,-1.0910533059581065,0.6016326750693162,-0.33477721765323826
261,kecewa,-0.998768565944834,0.4394223268132381,-0.3026821579809318
262,kecewa,-1.1302675409566154,0.42254021241689166,-0.15799932057896057
263,kecewa,-1.4012794878234542,0.8768029276330671,-0.28871156118483843
264,kecewa,-0.7828997806020853,-0.08259531147875462,0.02834543031400968
265,kecewa,-1.3000898780555126,0.8426913953822459,-0.3458775965614476
266,kecewa,-1.2356965050522022,0.5932913891908996,-0.20825912076534103
267,kecewa,-1.2676000292273897,0.9431570697363989,-0.5687037656242468
268,kecewa,-1.026612485894641,0.6234005874177533,-0.4565828647923306
269,sedih,-0.9204997753890753,0.10425030989699424,-0.008429140409986297
270,sedih,-1.3640024492362277,0.8287747571594462,-0.3514081689112856
271,sedih,-0.9962349358263559,0.5358901181964765,-0.41269823911585585
272,sedih,-0.9536955307209211,0.5367636984987181,-0.4444785518681633
273,sedih,-0.8637106273909468,0.2821654701725162,-0.2748490841824254
274,sedih,-0.4930582735688034,0.07034066323326002,-0.4145588913223631
275,sedih,-1.1370603766356584,0.5437667697572709,-0.2288429246279794
276,sedih,-0.9068956540826922,0.395169258063503,-0.2967476484927933
277,sedih,-0.8514524842217401,0.2565775231422654,-0.19766923908875808
278,sedih,-1.1503311019060953,0.7000913008635483,-0.40660032978630983
279,bahagia,-1.0036311747889939,0.5194067648403788,-0.3987664687942685
280,bahagia,-0.9062948018355776,0.24266999388643695,-0.12016128592793421
281,bahagia,-1.0899046636769165,0.6834980751170128,-0.44896938707440726
282,bahagia,-0.938791411469782,0.17704256484188094,-0.09534079858736672
283,bahagia,-0.8793780799906046,0.2919845341137316,-0.2355360070447625
284,bahagia,-0.8899300938778854,0.0908552873853134,-0.04223980245626411
285,bahagia,-1.0077225361876767,0.7074917476421532,-0.5982298182804213
286,bahagia,-0.8221908445112256,0.042697387370778515,-0.04722389423160078
287,bahagia,-1.0876709443983223,0.6177417664589455,-0.3082308270078714
288,bahagia,-0.7547285382325938,0.14209087585264243,-0.20624345212996215
289,marah,-0.8486476724821312,0.36078367309294135,-0.30683012341164684
290,marah,-1.2871668861738432,0.9267628327380609,-0.42559478759375075
291,marah,-1.1359503240723088,0.7602117152511283,-0.5020920778615049
292,marah,-1.127395106500176,0.4289806273829666,-0.12580727786038923
293,marah,-1.3073268048584217,0.7165293056798434,-0.24481331834994852
294,marah,-0.8086608012505938,0.13743135349289187,-0.15886774554629918
295,marah,-0.9401877507631013,0.4740255443562459,-0.32072793876752154
296,marah,-0.969037248809339,0.2225457435531049,-0.024365551064678217
297,marah,-1.2272319074101388,0.5393940951803278,-0.1669127422179702
298,marah,-1.1198424955737838,0.6795848027868556,-0.33769818467744583
299,kecewa,-1.64282441035008,1.0680786756960885,-0.30081633375951966
300,kecewa,-1.0910644664035418,0.6808975197810585,-0.4975059343472174
301,kecewa,-1.4130826923647581,0.99266216722378,-0.4727040647435012
302,kecewa,-0.8249648866810925,0.3378333146973515,-0.4266127593141702
303,kecewa,-0.7195961569109409,0.06207520217115457,-0.14656071693071512
304,kecewa,-1.207553255342691,0.40884668875710317,-0.07846522448499875
305,kecewa,-0.7813279508720851,-0.07464380903449214,-0.005701920412305324
306,kecewa,-0.7486178570519024,0.23047988065696665,-0.3284027873917622
307,kecewa,-0.8538872268599677,0.14040160406925284,-0.16263062332940867
308,kecewa,-0.6509649596600597,-0.16530988100270652,-0.043584081999161715
309,sedih,-0.9240653469270192,0.31113005222943446,-0.15901472828970903
310,sedih,-0.7662420169061696,-0.03496328600097584,-0.03548798105439867
311,sedih,-1.0590107580035208,0.575528821690936,-0.41046712245872186
312,sedih,-0.7102483108737592,-0.0878151201611536,-0.06141546401873516
313,sedih,-0.9389836775271911,0.5349468295547187,-0.483752449701084
314,sedih,-1.2382284237318524,0.5533376051845167,-0.15163089444337116
315,sedih,-0.6680498224577087,-0.09155803677667074,-0.11133138790559416
316,sedih,-1.0480977559230833,0.015374467881846487,0.25330578398583004
317,sedih,-0.8470236361884269,0.2746918561867755,-0.3211707307525635
318,sedih,-0.7661792981675073,0.017442597346875574,-0.13243685485342443
319,bahagia,-1.1160861319092688,0.6233038895579298,-0.37112131673347665
320,bahagia,-0.9493925853535582,0.2279667023231258,-0.215365590579532
321,bahagia,-0.7194011870016486,0.33005951275325573,-0.48770498062040574
322,bahagia,-0.9899808265906096,0.5947065992238769,-0.47412411493074486
323,bahagia,-0.8658871812215578,0.014790021781852293,-0.018159350437216608
324,bahagia,-1.096102075210559,0.7376231167919611,-0.4944408097205999
325,bahagia,-0.4941830220445531,-0.18455123096926856,-0.1683908187113596
326,bahagia,-1.2134775105500757,0.6782487755143525,-0.32202026782009985
327,bahagia,-1.2898787903880433,0.8631022081016917,-0.5022679618245465
328,bahagia,-1.2877250027259886,0.841846856779606,-0.4121291893064613
329,marah,-1.345032001770893,0.7877991377087561,-0.27337214128742926
330,marah,-1.276608689335588,0.7173107511524761,-0.24745771971356323
331,marah,-0.8358457223763583,-0.06885771501272232,0.009473390384935838
332,marah,-1.1179057871812774,0.767212656954545,-0.576297214979996
333,marah,-1.0081653753951545,0.15441240068548664,-0.012143274055289865
334,marah,-0.8564168669284151,0.06044079677359557,-0.14851277209833683
335,marah,-1.1446547006710408,0.6288324607275444,-0.34627133510044134
336,marah,-0.5055539298780402,-0.14143710556257547,-0.25358660423591156
337,marah,-1.3539319142403083,0.9767071229526691,-0.4782171194523823
338,marah,-1.0471484309378292,0.47120719598332017,-0.261826914324212
339,kecewa,-1.1591504042405067,0.5875277595110884,-0.3020808057338213
340,kecewa,-1.1077813559206566,0.7723156395037956,-0.5015683657035155
341,kecewa,-1.2534003000377671,0.9228429506025737,-0.5441328351895104
342,kecewa,-1.0343804625923432,0.6923903529413834,-0.39600706816799874
343,kecewa,-0.7156267723779879,0.20445262910171466,-0.32957165888674556
344,kecewa,-0.3224921686907595,-0.35061219258423,-0.19725271744417824
345,kecewa,-1.2469023220519069,0.6955192644231729,-0.3148752524181245
346,kecewa,-1.2781492108845047,0.7844723058786593,-0.3408201629743979
347,kecewa,-0.7327188324004871,-0.18308970275905628,0.06901393731137127
348,kecewa,-1.1356329842681447,0.4430207313081328,-0.15382171221264793
349,sedih,-0.6170819263456002,0.14186427810089008,-0.32205398553273007
350,sedih,-1.1767132668232514,0.8292898891650957,-0.546044990677555
351,sedih,-1.0095403181707674,0.54447628380648,-0.4461827618570303
352,sedih,-0.8171808398343414,0.2548457021875238,-0.2254488617926526
353,sedih,-0.9563190957302472,0.38391073271603376,-0.32995993703983295
354,sedih,-0.9031106932133771,0.42544680104352867,-0.3308518970519152
355,sedih,-0.9724788420099097,0.5239344789167861,-0.41057271793549643
356,sedih,-1.2206529817859697,0.6967304510640628,-0.38291119447171335
357,sedih,-1.1189528253874632,0.5851306366300811,-0.3225041395070526
358,sedih,-0.829653049813831,0.4635929439263031,-0.5487250652987492
359,sedih,-0.7564055804240807,0.24970050268679803,-0.3876130329309273
360,bahagia,-0.9654692525236902,0.31840868464352823,-0.2039901559643425
361,bahagia,-1.2375549181124295,1.0008247997793103,-0.6596394369836809
362,bahagia,-1.1409574060594319,0.5297189248507531,-0.2749159249743412
363,bahagia,-0.9753725264016017,0.3390427388329605,-0.15605746475308174
364,bahagia,-1.3644922065492695,0.8123317914258918,-0.26306193504125863
365,bahagia,-1.0644427622738613,0.27588449359006756,0.01041602596753366
366,bahagia,-1.140169024279701,0.4916028126681016,-0.20447389216234035
367,bahagia,-1.3913282375703804,0.8325480164527099,-0.3121756460192673
368,bahagia,-0.9107537121541087,0.15891602487525955,-0.10058748537966573
369,bahagia,-0.7179156223266571,-0.02553446841440258,-0.03990594521666272
370,marah,-0.8440350328733833,-0.02913885203928704,0.025447734551275716
371,marah,-1.2378509358929537,0.7955126248136849,-0.4006164998648764
372,marah,-0.9685589857225528,0.6173239352173056,-0.5484262720770641
373,marah,-1.3503176414139328,0.7557567503233532,-0.2692420850436797
374,marah,-0.9866307931401757,0.6978768015431657,-0.6086992624485659
375,marah,-0.7502760187161938,0.11035903493200346,-0.1257043821577423
376,marah,-0.6249130696915369,0.019259956902318548,-0.2313942005227613
377,marah,-1.010423986067441,0.16756803572005688,0.002317698053696206
378,marah,-1.4646822193859395,0.879435257022638,-0.29356293152936463
379,marah,-0.6687353598631767,0.05761906060944066,-0.12361572591524408
380,kecewa,-0.9889176956251484,0.3843312619052297,-0.24759412437969244
381,kecewa,-0.772215326044907,0.18510886027504272,-0.2565154360815686
382,kecewa,-0.9183408555554795,0.4422810948064522,-0.3431308352444449
383,kecewa,-1.165732613265906,0.7337552381998591,-0.3277431340421814
384,kecewa,-1.1147437091576902,0.5458102195131276,-0.2705530800747107
385,kecewa,-1.1361789541194076,0.413565826164938,-0.1543133311994532
386,kecewa,-1.27583960908616,0.8288292243768318,-0.4096525016235365
387,kecewa,-0.8509085045645587,0.30921818504197607,-0.3362353748575273
388,kecewa,-0.7000697992868029,-0.18047536795013988,0.10759738716378431
389,kecewa,-0.7111455303435572,-0.0027862593339224723,-0.1583946448110775
390,sedih,-1.0727570772877135,0.5361122087415298,-0.3286669328091149
391,sedih,-0.9127552339798287,0.3901403157159465,-0.31830805681474184
392,sedih,-1.3122639684711155,0.8447756847197422,-0.41720167455577783
393,sedih,-1.0626415403065337,0.5820201929176013,-0.336843551240356
394,sedih,-0.6783397919580986,0.10715676481277303,-0.3243027288338875
395,sedih,-0.8404115274577927,0.32656056303512393,-0.3540251582908688
396,sedih,-0.8488750057328487,0.3273275824568191,-0.27392389534602823
397,sedih,-1.2098870375945832,0.8046459755718736,-0.4368535946270346
398,sedih,-1.029652702441818,0.6323463802291542,-0.4742722714316073
399,sedih,-1.2222334700315463,0.8441362669915264,-0.5057077804418536
0,bahagia,-0.7743780840064657,0.22183933534553826,-0.21791002629963632
1,bahagia,-1.096940948787414,0.6318515602453364,-0.3985730104382964
2,bahagia,-1.1498605517334382,0.7023318159833855,-0.4264909013395493
3,bahagia,-1.2198990197264796,0.7632362077532019,-0.3432765105135509
4,bahagia,-1.147714080041887,0.8666539643174336,-0.5985843863689423
5,bahagia,-0.8525880242717392,0.20141037915957677,-0.17325953840993183
6,bahagia,-1.01220786653649,0.5787147551178041,-0.4191468091307212
7,bahagia,-0.9513014905815488,0.2366595463550444,-0.15338951197926537
8,bahagia,-0.8233752415231852,0.35671539792865814,-0.31601579809461644
9,bahagia,-0.9218493286886942,0.24490769740140303,-0.20102120510644753
10,marah,-1.014487916312583,0.7038396134034884,-0.5780672042799168
11,marah,-0.841185654524152,0.3670511740274624,-0.35857503173427546
12,marah,-0.7929876822901707,0.48344723536048007,-0.5517976433445289
13,marah,-0.517160325783408,-0.26275090822685,-0.08678334273555642
14,marah,-1.265408597960902,0.7313840832356107,-0.2726072395722927
15,marah,-0.7969645210011089,0.30085433549079865,-0.36057167699635834
16,marah,-0.6737576517889368,-0.023497979459716878,-0.17323010495805088
17,marah,-0.6616606127655865,-0.006236560491786058,-0.1658762979171552
18,marah,-0.9170172903668795,0.3228124743455459,-0.21461452226341915
19,marah,-1.0834226813119272,0.7625855150255719,-0.5203125990101091
20,kecewa,-0.8482853341682755,0.19088686968366564,-0.1999541151390785
21,kecewa,-0.976954724847085,0.4092023422722938,-0.30299392860137103
22,kecewa,-0.9983970310318869,0.5105131206805738,-0.4056726937517333
23,kecewa,-1.1028349867683827,0.6467178196982821,-0.46549514276061366
24,kecewa,-1.04008886382913,0.49410975170369553,-0.34671935192737485
25,kecewa,-1.1468619809895713,0.659071455914624,-0.37040475477482826
26,kecewa,-0.913913074559767,0.16551461839537468,-0.12529675759260042
27,kecewa,-1.0157983954662784,0.4197014204926974,-0.234077994669322
28,kecewa,-1.034114693680772,0.48533258543195923,-0.3442895438993768
29,kecewa,-0.9891794604234904,0.47426090089054007,-0.26297177854633363
30,sedih,-1.1166925855409737,0.7736734512746504,-0.5082024275745097
31,sedih,-0.628599081494586,0.23620316280191822,-0.5011342266887349
32,sedih,-1.1455827474136746,0.328993027959242,0.021812716977509514
33,sedih,-1.135902760412325,0.5969337962572534,-0.2910145165493339
34,sedih,-1.3204953898423626,0.8136554878212343,-0.36425134946429816
35,sedih,-1.4016389287529838,0.9118291939435528,-0.34093760599907164
36,sedih,-0.7544461125359642,0.15727778411244103,-0.2495944680924637
37,sedih,-0.9415079086581275,0.1782048595997856,-0.07956711155951005
38,sedih,-1.1611768325553582,0.7155179349786047,-0.39826323726993446
39,sedih,-0.887695151201283,0.3944776551678636,-0.35558197576357453
40,bahagia,-0.9706932188196908,0.35822957495387175,-0.1880420943384736
41,bahagia,-0.7513684271185881,-0.08723060160214456,-0.0038253290943077362
42,bahagia,-0.9194142208760577,0.3068978956674553,-0.2134014933715814
43,bahagia,-1.1261392815450844,0.6496234739094526,-0.405946887586363
44,bahagia,-1.0129222535835334,0.35728713227165787,-0.2361860413032253
45,bahagia,-0.9378517463375002,0.45202508695651644,-0.3890710755150975
46,bahagia,-1.01467030168725,0.3415301112129221,-0.20535253069684514
47,bahagia,-1.1830277445960764,0.4959497474286296,-0.19285761819360928
48,bahagia,-1.1252892988787606,0.14488045668988622,0.11794736306939477
49,bahagia,-0.7779131060072646,0.23325803356752225,-0.21470284667028194
50,marah,-0.9039289857178464,0.4598785279887653,-0.3779115898124087
51,marah,-1.332883365862587,0.8283338469842747,-0.31392057474867013
52,marah,-0.9962654995886516,0.4763482762129557,-0.30409971880184994
53,marah,-1.2474235698179608,0.5647754369834415,-0.13727188277987348
54,marah,-1.1314050444265014,0.5821781054514612,-0.2620454238364895
55,marah,-1.2163032874918522,0.6191155400595985,-0.2466828606243629
56,marah,-1.064688064332294,0.6216767761479048,-0.3629954870050806
57,marah,-0.9614128195293132,0.5276288294054865,-0.33783215387049287
58,marah,-1.3883654081714627,0.94602929034419,-0.4421311951431538
59,marah,-1.1417324273615654,0.7574991091323077,-0.4390865330247197
60,kecewa,-0.7061623973582029,0.07434807960706966,-0.21828110367841771
61,kecewa,-1.0968799436002918,0.5010165855977482,-0.29401480353432136
62,kecewa,-0.8100958095452218,0.27320802980903436,-0.3170782468043967
63,kecewa,-1.1846220172479294,0.6018380508625853,-0.24459629461563587
64,kecewa,-0.8699927383723887,0.10014220213167546,-0.06185938549423478
65,kecewa,-0.9347030334328805,0.45458066569113975,-0.43067497674458455
66,kecewa,-0.6677700745691327,0.052516997339571186,-0.21990556838669997
67,kecewa,-0.9332657371296943,0.3132409797395908,-0.2980059892033919
68,kecewa,-0.7638982848099934,0.31957295825967735,-0.44209095794931963
69,kecewa,-0.8043459373909407,0.04013548047060022,-0.04502148124262678
70,sedih,-1.108165090303405,0.6694680457472708,-0.4208565910085002
71,sedih,-1.0214565555639217,0.4886894739701908,-0.34784728281095095
72,sedih,-0.6476059866730203,-0.3253047321129884,0.10738530826749292
73,sedih,-1.06384392484666,0.43699299228656024,-0.21678160483229578
74,sedih,-1.4857416034201159,1.1090398800806431,-0.48365362583982163
75,sedih,-1.0431465187547218,0.3289811111106487,-0.16042489041930563
76,sedih,-0.9066926219260942,0.3311416662634448,-0.254301626298595
77,sedih,-1.0937533360050644,0.5971945187324206,-0.37783528162575797
78,sedih,-0.5248605386552306,-0.05101393794444348,-0.2802220197490281
79,sedih,-1.0501357299740128,0.4655004273506238,-0.2588006867192693
80,bahagia,-1.5436022779418004,1.008869846991268,-0.29825683977387657
81,bahagia,-0.95671787372018,0.3502142948616262,-0.17222264171029206
82,bahagia,-1.1753296585592612,0.5740062981508138,-0.1998742382209303
83,bahagia,-1.1221027430215664,0.307790536336904,-0.04659675996697646
84,bahagia,-1.2678664029467248,0.6382824616474911,-0.20541240265812985
85,bahagia,-1.0111515649328786,0.3911156651385701,-0.21591656304574838
86,bahagia,-1.2388331493498994,0.7887495216462905,-0.4137338154880548
87,bahagia,-0.898832685298223,0.34930863549442004,-0.23491517208917412
88,bahagia,-0.9334286920095428,0.03224828281145323,0.1357416128977133
89,bahagia,-1.2805417163320003,0.668693044686288,-0.2516364588921702
90,marah,-0.9956955938321572,0.4465936421281627,-0.3015808324856389
91,marah,-1.0641359972590467,0.698507983663176,-0.5162588773721968
92,marah,-1.0827351630120263,0.5846505478322352,-0.35714645661607686
93,marah,-1.162767371228707,0.7266781559016728,-0.36754688184258
94,marah,-1.0747791127718211,0.38081401901605033,-0.16119506353558238
95,marah,-1.1294689559311626,0.6746012529505794,-0.44460573017452093
96,marah,-1.4947969743688683,1.0445222301032144,-0.3997101382541543
97,marah,-0.7696387888398933,0.11674326432041071,-0.10860907252929829
98,marah,-0.9457908840622812,0.3123535295495139,-0.21524705692847074
99,marah,-0.8911649386086388,0.6042485970916659,-0.559646218946618
100,kecewa,-1.0679493966640385,0.7072068675493004,-0.5340710578478728
101,kecewa,-1.3244576102344554,0.7446926448149969,-0.253247154560156
102,kecewa,-0.8552386363399093,0.25774628561895635,-0.24080720950486723
103,kecewa,-0.8141830850481582,0.006290666705994173,0.024736618676974735
104,kecewa,-1.071496115950093,0.5874500042140056,-0.3640621853283559
105,kecewa,-1.3414518794826886,0.7286789428458111,-0.20130275860686173
106,kecewa,-0.6112368868028081,0.00844435735745272,-0.3060203980285786
107,kecewa,-0.9504494516547272,0.21113020242510366,-0.08819795748906843
108,kecewa,-1.0914033874919205,0.32174629130100596,-0.010189878517250828
109,kecewa,-0.9423016471849374,0.4273168087822822,-0.25191636196642414
110,sedih,-0.7871321275921319,0.13323029798034725,-0.19681231345992065
111,sedih,-1.4118363767147395,1.0636113071158608,-0.46195726980896235
112,sedih,-0.951016571760861,0.36819582273915175,-0.2588720711452245
113,sedih,-1.24728463363075,0.6407080147909517,-0.17539091500543086
114,sedih,-1.1087832761330207,0.4900887519386341,-0.21842710224888529
115,sedih,-1.231222509994826,0.6638949413381924,-0.24277740981472326
116,sedih,-1.0445251992658438,0.4835525565145299,-0.24239300757321514
117,sedih,-0.9089956649783686,0.24762368637092283,-0.20517344779184565
118,sedih,-1.0182478311391414,0.48468586535098285,-0.2193373772673331
119,sedih,-0.923719264899229,0.110412919439554,-0.011502360705684006
120,bahagia,-1.1163506979371651,0.7259085683706472,-0.43611847084161987
121,bahagia,-1.0562842841518785,0.15018547523670928,0.06272181075250838
122,bahagia,-1.0216794326619487,0.4422736405609452,-0.2145669230657689
123,bahagia,-0.8152402251898276,0.06918236615424003,-0.10580227153653841
124,bahagia,-1.3149084030057834,0.9315498104536297,-0.4437078213000576
125,bahagia,-0.8012332227536931,-0.04447412667850829,0.0031349259708317047
126,bahagia,-1.0174358077167391,0.4379429188436103,-0.2104334011712049
127,bahagia,-1.0063667090793487,0.2957943244755998,-0.10383990979859271
128,bahagia,-1.298080033057806,0.6357800658888271,-0.16542225325508497
129,bahagia,-0.7314623544230682,0.136750226311877,-0.26362172416490326
130,marah,-0.8697111748681873,0.250958802111284,-0.2264741850867728
131,marah,-0.863039843588464,0.3662355169743943,-0.4277136956097325
132,marah,-0.915443783996769,0.3134354676342487,-0.1716341711246819
133,marah,-0.6588000267125443,0.015262185252510774,-0.26995387475360627
134,marah,-0.457637828137918,-0.21303881435871608,-0.21209625839386195
135,marah,-0.9269459805077294,0.48397892441636425,-0.45262314225573125
136,marah,-0.6608591336417885,0.02515911780425667,-0.26389170875761475
137,marah,-0.973008391340499,0.485533651062138,-0.39096279483357627
138,marah,-1.1562421752158383,0.49607568144080283,-0.1958440531004575
139,marah,-0.8334790109690543,0.19604768237803052,-0.20288745222341975
140,kecewa,-0.9344277768579269,0.2956849848663653,-0.16830733719360966
141,kecewa,-0.32127464127140254,-0.4698502243615231,-0.0964008499373149
142,kecewa,-1.22236572945063,0.5977972959191313,-0.28809895348088194
143,kecewa,-0.9212851114020463,0.44958797341870854,-0.4255300727970032
144,kecewa,-0.7128261816381981,-0.08843404468788296,-0.05956372253020598
145,kecewa,-0.5408097276091722,-0.27650830663102655,0.02320186072616316
146,kecewa,-0.9115396167552527,0.416463210480811,-0.3035404899786228
147,kecewa,-1.1425859058607253,0.58570427839915,-0.3447412334789984
148,kecewa,-1.0347140201455038,0.5936271106798215,-0.4501421181026557
149,kecewa,-0.6158592463964093,-0.04516354279329013,-0.24510509110998488
150,sedih,-0.9909908535480582,0.4810042387749397,-0.3553750823119261
151,sedih,-0.8929392950477889,0.42218108295817586,-0.3702380282668982
152,sedih,-1.180605387469256,0.7317208434215634,-0.4086144224937598
153,sedih,-1.1742942579279734,0.504603906355722,-0.19675408289542637
154,sedih,-0.5824468555994825,-0.0971920075721602,-0.18943527390916565
155,sedih,-1.0384409778430241,0.42054505478197135,-0.27970509641637337
156,sedih,-0.8380209321229417,0.04793913195981595,-0.041526319605270715
157,sedih,-0.794935874990062,-0.12819449262984406,0.13008006983807596
158,sedih,-0.7228764157132905,0.03511385707766186,-0.11858996087166142
159,sedih,-0.9341376195812536,0.591341832941064,-0.5763656583497165
160,bahagia,-0.8177676966784657,-0.00023441758069953945,0.017911569850259323
161,bahagia,-1.2025983953135606,0.7698856516876483,-0.36272252297187424
162,bahagia,-1.243294929235597,0.6381128545619991,-0.21566761342571195
163,bahagia,-0.8563818728368758,0.20579120201174972,-0.153149459779297
164,bahagia,-1.3306791032365082,0.9716407592328857,-0.5166541106950889
165,bahagia,-0.8753942733613022,0.32975898072569054,-0.3248953019750722
166,bahagia,-0.8857483220078699,-0.02300562295612093,0.06438726582312775
167,bahagia,-1.0158155669706586,0.1950556640814227,-0.015012789084681108
168,bahagia,-1.5269551667306276,1.076144082891237,-0.4168114162071449
169,bahagia,-1.0161764440645777,0.1640748134911515,0.08542763823791705
170,marah,-0.8930850026586734,0.39279218688599377,-0.34702306465987953
171,marah,-1.3081151824830801,0.8802248887901145,-0.41623887605470145
172,marah,-0.7096251357386547,-0.05444158799759561,-0.007221438766167163
173,marah,-1.2617568862864983,0.6912676505122244,-0.2681470955528187
174,marah,-0.8183749045945264,-0.08651198765783907,0.06250133389947585
175,marah,-1.409590253506964,0.8365366309927932,-0.2617616147977992
176,marah,-0.6886611377114232,0.12046822626325876,-0.21012937690885242
177,marah,-1.0022219923215179,0.3104153694479094,-0.13195105890138348
178,marah,-0.7867768474938963,0.1541878250764649,-0.2268422544387528
179,marah,-0.8327547464056728,0.0957749081719145,-0.1114165639600647
180,kecewa,-0.8625375682106184,0.26570594851077517,-0.2698535612402662
181,kecewa,-1.4610157189173296,1.0318439971594016,-0.44968653376113693
182,kecewa,-0.8091311819207895,0.13896361480877212,-0.1976398390346851
183,kecewa,-0.8135961968147565,0.07232493850149849,-0.016654014265284282
184,kecewa,-0.6228122984056145,-0.009905041130277209,-0.25254032707458446
185,kecewa,-1.053580888613632,0.3552896351895698,-0.15622678500289824
186,kecewa,-0.9342777858170946,0.39247298081994064,-0.3295511824979948
187,kecewa,-1.1230982779850625,0.6427515714687841,-0.3687715812486623
188,kecewa,-1.2695551890590362,0.6880381715103108,-0.23269419333948987
189,kecewa,-1.1615335370689495,0.37341656240715554,0.0005885534932585487
190,sedih,-0.6467500038653804,-0.033889261972783524,-0.177639017305948
191,sedih,-0.7249173712853912,0.18075667038223636,-0.1901269823358377
192,sedih,-0.8995586841782256,0.6256637938408492,-0.6036509251699888
193,sedih,-0.5989248947254138,0.11070451398974437,-0.3678686210190447
194,sedih,-0.750514972549234,-0.0003048382387105669,-0.07962910520140948
195,sedih,-0.9313049621912256,0.36181264839420646,-0.23596531772414042
196,sedih,-1.1325814656012372,0.5782183608524087,-0.30228227988122436
197,sedih,-0.967783662680621,0.3040136965086049,-0.14878450041799368
198,sedih,-0.9369076683168761,0.1259607492135427,0.0037044405340777814
199,bahagia,-1.036833241935388,0.5135068884354064,-0.37117118678984595
200,bahagia,-0.7437458673776318,0.04931644977329261,-0.1674737934961513
201,bahagia,-1.1597338722892245,0.6931018641218749,-0.4341305353229865
202,bahagia,-1.0924109411217124,0.5752068525368464,-0.33155085524167044
203,bahagia,-0.7885702141279796,0.1947851880785946,-0.3074355821298594
204,bahagia,-1.2395165026806603,0.9931649727474107,-0.6219333153104152
205,bahagia,-1.394845870585371,1.0265476642063665,-0.49907033298676523
206,bahagia,-1.2342231550898055,0.78864077349989,-0.3812510654598489
207,bahagia,-1.1584453274014739,0.6346904182015207,-0.32307768939877707
208,bahagia,-0.8155861234738591,0.4125967226158813,-0.48413660131598957
209,marah,-1.092557516201374,0.6762966613185413,-0.46623801828996086
210,marah,-0.916481195046121,0.08735588839211528,-0.03890219965708096
211,marah,-0.9550374656421677,0.36411446491451804,-0.26267207747153365
212,marah,-0.7486880509108017,0.3145291158891634,-0.47703412284447466
213,marah,-0.9758348615407648,0.2799140777510346,-0.1350926113162223
214,marah,-0.8858400530132051,0.26773148481826564,-0.27457460101575193
215,marah,-1.2969829100167314,0.9860919325112261,-0.5576227252876677
216,marah,-1.3171955421348698,0.9402322863212489,-0.49070214311018123
217,marah,-1.0908212073281627,0.6297100123833608,-0.3323362550595705
218,marah,-1.384867848646625,0.6131813153684579,-0.07511186998104219
219,kecewa,-1.0066069925107388,0.5287543892866962,-0.34330966103123484
220,kecewa,-0.9036643825280396,0.3877925579230261,-0.3178010642895644
221,kecewa,-0.7886018660696705,0.30683397056763917,-0.37151293501370114
222,kecewa,-1.1210917683470851,0.45820238084195275,-0.24033382366195813
223,kecewa,-0.8577716515773082,0.4009288526282758,-0.4036576516002444
224,kecewa,-0.8507964828664751,0.3593230853204377,-0.4118421036852375
225,kecewa,-1.0495323322161432,0.6168193765212522,-0.39992922314474705
226,kecewa,-0.7487374924028547,0.08778210359784525,-0.24218024044294892
227,kecewa,-0.9708608121609722,0.27278006307816194,-0.13147271268908015
228,kecewa,-0.5467917224533843,-0.05348524501032462,-0.3156849174979815
229,sedih,-0.8705661739455018,0.35392424293444347,-0.3726906627956721
230,sedih,-0.9611808676978203,0.4523122246147224,-0.4060231924084842
231,sedih,-0.904058306980741,0.1087960503766738,-0.057109727637058606
232,sedih,-0.7451592699979009,0.012996615838201553,-0.11240948668068039
233,sedih,-0.8880562897443458,0.2282838561058475,-0.24820597448962514
234,sedih,-0.8755078332484962,0.3899807022526315,-0.4540799539424155
235,sedih,-0.6479516895327527,0.07232533121000448,-0.3481741763621396
236,sedih,-0.8474683388769136,0.3562910315793425,-0.3551472683606453
237,sedih,-1.086283768964939,0.4941218261262782,-0.2811607704510606
238,sedih,-0.7087860152752334,-0.0416949165519645,-0.17064626675478228
239,bahagia,-0.9164787741713398,0.1899641728386619,-0.12232423328589577
240,bahagia,-0.8526032036342821,0.23994574181789077,-0.21912775587062053
241,bahagia,-1.0492043839607565,0.4331815553618681,-0.18861235153410427
242,bahagia,-1.0491094010485693,0.30855218213319113,-0.07456299991171268
243,bahagia,-1.490737214154203,1.210755767020675,-0.5924594478136261
244,bahagia,-0.5436076025085079,-0.07448156334626099,-0.1659379226121108
245,bahagia,-1.2516989200403394,0.9018073036089466,-0.4219261181386466
246,bahagia,-1.6159864092092266,1.2001497266274392,-0.4351360900888222
247,bahagia,-1.0249173084197325,0.30891378783800977,-0.09340805485547442
248,bahagia,-1.137148543676004,0.4962866900820062,-0.21030838844276956
249,marah,-0.9044254200008707,0.21748196544086507,-0.1562695797864357
250,marah,-0.9670794008320256,0.5228869319391068,-0.345996028583765
251,marah,-1.4172987782624147,1.0232599610739017,-0.4540699252875586
252,marah,-0.9763522654440786,0.33204080325934815,-0.1235112488738869
253,marah,-0.8922888531817887,0.29983262728449367,-0.27448671913895506
254,marah,-1.165076389032143,0.7675830756588042,-0.4468395602367366
255,marah,-1.180643635279891,0.8518971634757506,-0.45206503822857375
256,marah,-1.5239477560925228,0.988930853233269,-0.32364545598271016
257,marah,-0.9949846239496298,0.5114881545053297,-0.36016872864681115
258,marah,-0.45010001424793794,-0.3634948244525057,0.04654654030911778
259,kecewa,-0.9060999881061563,0.5952408067001687,-0.569010737466213
260,kecewa,-1.1445229235399572,0.6700352045713001,-0.3673960995362676
261,kecewa,-0.9866276883250488,0.4228304593708152,-0.2976730410410786
262,kecewa,-1.1393287662187859,0.4264553117569687,-0.15302422634218346
263,kecewa,-1.4044804343870558,0.886320826196123,-0.2967342109164992
264,kecewa,-0.793498751463753,-0.07564364423609474,0.03100481340991827
265,kecewa,-1.2607666024506203,0.7883723483238854,-0.34624268421684967
266,kecewa,-1.2348664573475396,0.5940760359056787,-0.20957054725124577
267,kecewa,-1.2830285565422024,0.9669064128545819,-0.579591967101695
268,kecewa,-1.0186177223271806,0.6138147122637315,-0.4540823649281702
269,sedih,-0.9185010550505549,0.091390555842779,0.0039163071844959775
270,sedih,-1.3557424386540122,0.8188014670022388,-0.34909056994426524
271,sedih,-1.017923653894313,0.5509959233277182,-0.4103656367655343
272,sedih,-0.9473192348060611,0.5355590643742298,-0.45721462886320113
273,sedih,-0.8608243782071731,0.28936045108260205,-0.3009814636205648
274,sedih,-0.4876888864345459,0.0631413775398475,-0.41202925169265114
275,sedih,-1.1911927976549548,0.6317598999231281,-0.27055450091527394
276,sedih,-0.9706903463615655,0.4646054477532386,-0.3425775609100807
277,sedih,-0.8700093324841696,0.284174611591587,-0.2152342018050493
278,sedih,-1.1272740024184043,0.6819192198033125,-0.4142762418251102
279,bahagia,-0.9956029993100678,0.4953370466052468,-0.3885087594875243
280,bahagia,-0.8730393204027975,0.196592815814828,-0.13095909159496866
281,bahagia,-1.0377569404846616,0.5823785290190675,-0.40458923454807416
282,bahagia,-0.8405843242474457,0.04001009957840327,-0.060402057685999544
283,bahagia,-0.8697057348102197,0.17922226168101907,-0.13000703411269604
284,bahagia,-0.890487761766241,0.09221628240066443,-0.04340314766940074
285,bahagia,-0.8906210175680551,0.5431509097316447,-0.5496746670868987
286,bahagia,-0.8515671490605711,0.09503706817948719,-0.0985480005723415
287,bahagia,-1.018203272658882,0.5138834887012684,-0.27896509044301504
288,bahagia,-0.81038353440974,0.2056749803220006,-0.25429964971801766
289,marah,-0.848733936567781,0.36196879351742683,-0.30872516123111354
290,marah,-1.2875040854610142,0.9101701793792261,-0.41637108352973456
291,marah,-1.137019786558976,0.7537554200486136,-0.491930918348345
292,marah,-1.0371496914123133,0.28809902649023034,-0.09460686492509314
293,marah,-1.2897992462970445,0.690354933422492,-0.22813238166606203
294,marah,-0.7434265640973649,0.14494445107817358,-0.22983643222911948
295,marah,-0.9329251345820011,0.4604673332196566,-0.34428078016656033
296,marah,-0.9657710053740062,0.21461775826735868,-0.02098926736470888
297,marah,-1.2332741954645225,0.5215121053994293,-0.1554642933516827
298,marah,-1.1228589463448342,0.6844456887003572,-0.34027916682003306
299,kecewa,-1.663421514063375,1.1146119807960488,-0.3296990936547802
300,kecewa,-0.9415349705983622,0.47705823698969285,-0.44846441474632354
301,kecewa,-1.3767785789031228,0.9839644937253404,-0.5110308488891403
302,kecewa,-0.8009971315973624,0.29742665956370495,-0.40832285647587463
303,kecewa,-0.6656564148040477,-0.04737459325204399,-0.1306108955513998
304,kecewa,-1.2017914257654092,0.3988925676486148,-0.07421010103226659
305,kecewa,-0.6195063007980749,-0.144937662876789,-0.14238171945498837
306,kecewa,-0.8412738092512493,0.32691460189216714,-0.3339186535930488
307,kecewa,-0.9094608744410813,0.30579537676675184,-0.27205629191003794
308,kecewa,-0.6046482333858708,-0.10169824391568456,-0.1599398608305766
309,sedih,-0.9181689174561072,0.2986495414524931,-0.15217991585508892
310,sedih,-0.7680858934994115,-0.07389916134629124,0.01318581943794143
311,sedih,-0.8368615340859089,0.3794039050527202,-0.4649278806911413
312,sedih,-0.696755831673454,-0.1363981133195581,-0.03747908568663261
313,sedih,-0.9719790755363069,0.5774072734260292,-0.5009479428951523
314,sedih,-1.298921001180026,0.6969371031417666,-0.25809316698181145
315,sedih,-0.5645470991975319,-0.06029597357247535,-0.2577888980111765
316,sedih,-1.0759443831681803,0.08941731904078795,0.18314183471554205
317,sedih,-0.7230428203960199,0.11388968951727968,-0.31706187065717
318,sedih,-0.7233443795806687,0.019940087768148373,-0.2031446471499572
319,bahagia,-1.0890834827041052,0.5903285862656495,-0.3692361639381346
320,bahagia,-0.8273199606921913,0.08698091274430593,-0.20519099034397195
321,bahagia,-0.7086400630053751,0.33454044588132403,-0.4928419711684826
322,bahagia,-1.0236155797060136,0.6454792572888279,-0.504640482823983
323,bahagia,-0.8388183017758307,0.03046477824970704,-0.05772826587183794
324,bahagia,-1.0908025188746757,0.7324838264724953,-0.49754994979299527
325,bahagia,-0.406157650738056,-0.28395822258452363,-0.17715040718801908
326,bahagia,-1.152875849794815,0.5979388474653752,-0.29854371441891897
327,bahagia,-1.2937752604717527,0.8764280463870442,-0.5128071941674455
328,bahagia,-1.2301102295680484,0.7341815670188652,-0.35015994949538615
329,marah,-1.324990368796106,0.7502940078965248,-0.2553316984918916
330,marah,-1.2400701388506248,0.6532599164729709,-0.24017932541399153
331,marah,-0.8276299254328014,-0.07538727115454807,0.008630079693733958
332,marah,-1.0863373585266818,0.7140646530831043,-0.5501501415678312
333,marah,-1.0059955403570366,0.14825493679230922,-0.0035599466118698036
334,marah,-0.8576533550879035,0.057191433364204985,-0.14561031188443274
335,marah,-1.0706870614333521,0.5056576265824234,-0.29323650089845077
336,marah,-0.5092625072731974,-0.1196859277665098,-0.27342595123842256
337,marah,-1.3581118971613124,0.9783595118471953,-0.4770232459964913
338,marah,-1.0459838757907722,0.4933163513405893,-0.29748706294481014
339,kecewa,-1.1547870819661168,0.5843399920949919,-0.30384799372432536
340,kecewa,-1.0987486157712973,0.7537763290518551,-0.48788782755718196
341,kecewa,-1.1925345846692421,0.8542325737087255,-0.5421480545579815
342,kecewa,-0.9866185892883323,0.6312328667699847,-0.37890808995956166
343,kecewa,-0.6774556893034704,0.1643105120827063,-0.33535065171195777
344,kecewa,-0.3218982626455505,-0.3723932807223888,-0.22026413904876505
345,kecewa,-1.1385374010055793,0.6144619385902406,-0.3345782507204987
346,kecewa,-1.2699032238970094,0.7858281779504938,-0.35414571934468053
347,kecewa,-0.7047044807156744,-0.16903032523157588,0.03131692450173351
348,kecewa,-0.997099152416564,0.26187339907165297,-0.10201428621619717
349,sedih,-0.6213817132386777,0.13258887245813927,-0.3090984421160982
350,sedih,-0.9858322609737682,0.6482450715759267,-0.5699994185061891
351,sedih,-1.0092794417836872,0.5436824235616877,-0.4455748515330193
352,sedih,-0.8116579523546131,0.24224070704500406,-0.2150088225691091
353,sedih,-0.9561929060444021,0.38385234497540305,-0.33007038509133535
354,sedih,-0.9312211835959244,0.45644372996016414,-0.3449114955639571
355,sedih,-0.9886993805783015,0.5368530052604865,-0.41533997465550715
356,sedih,-1.2099565093999498,0.6749336954730729,-0.3738847557327444
357,sedih,-1.1413791229961403,0.5908576629367015,-0.3092090824281744
358,sedih,-0.8324981495409861,0.4621393249667548,-0.5442204369960318
359,sedih,-0.7729684672734513,0.2767794739076448,-0.40704941659311633
360,bahagia,-1.0068845082933493,0.4406265014536379,-0.3181273748865013
361,bahagia,-1.21689769989089,0.9832646104580363,-0.6639809949283143
362,bahagia,-0.9390046987275641,0.30602651016706844,-0.2584678130483638
363,bahagia,-0.8397897665179775,0.32005041391539646,-0.2940498039014843
364,bahagia,-1.3474311617343728,0.7921697998449659,-0.256897729856457
365,bahagia,-1.1319013146349035,0.38580953515030214,-0.05254508445278365
366,bahagia,-1.1228599488129387,0.5896236310311798,-0.3603205273479469
367,bahagia,-1.2665220086116944,0.6463534283655475,-0.24195707304405795
368,bahagia,-0.8846844455407896,0.21310648319571135,-0.18567865539273443
369,bahagia,-0.5919604318476586,-0.12790379055746437,-0.18727513337731894
370,marah,-0.8036647055499957,-0.06215848140891733,0.004234374246919639
371,marah,-1.3009040210723695,0.8589165571217285,-0.4451824729103998
372,marah,-0.868244335645496,0.43110330986367495,-0.4664426255803149
373,marah,-1.3461707862651044,0.7667431961918937,-0.29165703694547146
374,marah,-1.008281263579341,0.7128060505898457,-0.5943725327827809
375,marah,-0.7899562593606873,0.14409265970481552,-0.12604613009325263
376,marah,-0.5242133329592562,-0.07492151264059685,-0.25887483947679313
377,marah,-0.9444398048632618,0.21910532419282294,-0.14391599983003203
378,marah,-1.4565395242386974,0.8644107844921188,-0.29090686874453864
379,marah,-0.5938293318232425,0.05445082795190348,-0.3100085310441101
380,kecewa,-0.8484925499478319,0.1496500244986374,-0.1574467367003212
381,kecewa,-0.7307847556833819,0.14906459375057785,-0.2625678068719973
382,kecewa,-0.8965968180713872,0.41402944718713264,-0.34104042033270954
383,kecewa,-1.1645848321248184,0.7221802294044135,-0.3211547443147302
384,kecewa,-1.1055363155473665,0.509801904779519,-0.25052790840911326
385,kecewa,-1.1239662908998427,0.40589556283679196,-0.15888167293026814
386,kecewa,-1.06576517838651,0.545690767357446,-0.3819819389526091
387,kecewa,-0.8346075503132608,0.2972769351848343,-0.3436452834625414
388,kecewa,-0.6493859182143871,-0.18922783527731848,0.049615616054947444
389,kecewa,-0.6867243014145936,-0.07895761122437495,-0.1071003268199338
390,sedih,-1.1472833334222488,0.685939149018434,-0.42107992819851225
391,sedih,-0.91539675432134,0.39802518177775825,-0.3270543264877222
392,sedih,-1.1912346822266349,0.6350104408979815,-0.3271961994550528
393,sedih,-1.065024288569028,0.5920505330558643,-0.3484551244282916
394,sedih,-0.6785193922610387,0.10711154123947925,-0.3241871189773812
395,sedih,-0.9588119660864275,0.46036279199433583,-0.3809697627354511
396,sedih,-0.7983546901365145,0.34661674388240016,-0.37136203878455504
397,sedih,-1.1978795309854102,0.804159965899184,-0.4542455077910078
398,sedih,-0.9739372492246638,0.45814721044328255,-0.3568309202514063
399,sedih,-1.2042280914682608,0.7772621238657695,-0.45866119239125924
0,bahagia,-0.953944272550795,0.17489067793202068,-0.133657364910853
1,bahagia,-0.9207340317923229,0.19955684235367332,-0.1255067097126414
2,bahagia,-1.3362881037231964,0.9133522104082973,-0.4166022308879101
3,bahagia,-1.5049756559491443,1.2522130892236043,-0.618413358959502
4,bahagia,-1.2788727646016373,0.9142414849057556,-0.4489850165172676
5,bahagia,-1.1722413445611697,0.6449803241749749,-0.3100774318429017
6,bahagia,-1.1200302952918626,0.6597234851353131,-0.33067974419303997
7,bahagia,-1.1534169116900517,0.37411930502938884,-0.11953291523940114
8,bahagia,-0.5653315619623538,-0.20438856082463513,-0.043067361029217634
9,bahagia,-1.1459736918765056,0.7059373587275655,-0.39608160660067077
10,marah,-0.8775302112758916,0.4231641849181589,-0.4483343333135884
11,marah,-0.7613351466021638,0.39569356707909104,-0.5234618341148204
12,marah,-1.0451486943474646,0.7166162646364578,-0.47613921113184215
13,marah,-1.1598700387423728,0.7005991290623111,-0.36222878161282207
14,marah,-1.1003603179181145,0.7692109020664678,-0.43586118968351406
15,marah,-1.1197483352417956,0.8375351719667317,-0.5634988576847534
16,marah,-1.1229899807403567,0.7992113063221962,-0.4729738015883845
17,marah,-1.0766600514459372,0.7132722544542551,-0.3646509802500042
18,marah,-1.155254498186221,0.7989543791849283,-0.3921182714509562
19,marah,-0.5007847085340755,-0.08559656624950926,-0.22757875542248784
20,kecewa,-1.1416088551460475,0.46574408660644406,-0.15983949617766813
21,kecewa,-1.0156973907077869,0.43578253527565264,-0.2909779067173382
22,kecewa,-0.913157628137364,0.1302937853101284,0.03623150951532113
23,kecewa,-1.2211585434180756,0.6971208411200456,-0.3200325400896479
24,kecewa,-1.3031138798891433,0.7674192465328431,-0.2633536169234415
25,kecewa,-0.9507664449153449,0.11020870232210489,0.05150552889142805
26,kecewa,-1.3744398569686194,0.9444222566743127,-0.3936625946732909
27,kecewa,-0.9594426884052168,0.19831244019873442,-0.00473602206970241
28,kecewa,-1.0125577029849742,0.5904635069702271,-0.41710029822709715
29,kecewa,-1.0772378198870511,0.6476010925495016,-0.32786563810788344
30,sedih,-1.2539376173246486,0.7842730241444569,-0.3030569539939889
31,sedih,-0.8896102639180895,0.030082489062627935,0.09884680393117838
32,sedih,-1.2227135872438708,0.7273228784109206,-0.3298336494122051
33,sedih,-0.9950973315749032,0.5800236073322291,-0.5268291990866903
34,sedih,-0.9106969033289972,0.48898518633733484,-0.4869106165578547
35,sedih,-0.6387007435425499,-0.09958870451228108,-0.03191716011483424
36,sedih,-0.7702077672212259,0.27492589262234657,-0.40717046692488745
37,sedih,-0.9088450887561808,0.20318635694256806,-0.13465707759834453
38,sedih,-1.0204087478774277,0.4247758650368032,-0.21174142486896694
39,sedih,-0.9845529156444498,0.6027850691199047,-0.5314910719131645
40,bahagia,-0.7595093021426236,-0.1236944196858514,0.09904401108024477
41,bahagia,-1.0172092709473128,0.5266327607922456,-0.3704552357319467
42,bahagia,-0.8786578615239214,0.3468774836809592,-0.27392226968363736
43,bahagia,-0.7307113076655485,0.07479698671284463,-0.15210488696809274
44,bahagia,-0.8808817701498661,0.5150114218342842,-0.4836733270935453
45,bahagia,-0.889844196769653,0.4765065429044083,-0.4386959783815067
46,bahagia,-1.0260008020617037,0.2650359086594238,-0.06220868890938591
47,bahagia,-1.7313816151708292,1.2813932565415316,-0.43768426745807926
48,bahagia,-0.8727316670775243,0.5409392618050083,-0.5408530481154598
49,bahagia,-0.7034360317859376,-0.17064498981555423,0.1524220679287884
50,marah,-1.5136617593004942,1.0922296716660418,-0.4117451704065121
51,marah,-1.3044805333918605,0.810745725229604,-0.27139541704277326
52,marah,-1.629634573062185,1.143828455554976,-0.3681800987172624
53,marah,-1.0537647810674324,0.691459348892522,-0.30020456395109346
54,marah,-0.6082539155398812,-0.016893114414576693,-0.2360166546446659
55,marah,-1.0684720341318872,0.542697472004639,-0.25843270971747123
56,marah,-1.3596778482638414,0.9722853539498706,-0.3843353028236633
57,marah,-0.8683300044850678,0.2644985610775038,-0.13480722895091024
58,marah,-1.3731395735708851,0.688412378330831,-0.12675906419259345
59,marah,-0.7591177374277889,0.22903487088831892,-0.11217341011110868
60,kecewa,-0.9817571776187711,0.39718487478830705,-0.23634717999721067
61,kecewa,-1.1622075945241637,0.5562221569126036,-0.22811550998161084
62,kecewa,-0.7870332595357754,0.11436624823518168,-0.07980650483355753
63,kecewa,-0.7852350287569791,-0.016891084140862968,-0.06014083025831747
64,kecewa,-0.8406182677628314,0.2756375066571378,-0.2249728709914085
65,kecewa,-1.1940966838142923,0.8329132225230005,-0.5336930289659593
66,kecewa,-0.7723900932335188,0.3477818751637118,-0.4876810770869028
67,kecewa,-1.4247372484331373,0.8935406631462355,-0.29533571188862223
68,kecewa,-1.136843388735413,0.47237497227762093,-0.2224987354286527
69,kecewa,-0.9102509022428398,0.4347759677407148,-0.37829460905352424
70,sedih,-1.2998956931681651,0.9099481664039892,-0.4086349296103187
71,sedih,-1.2928289155729642,0.8824563443049953,-0.46251045650110556
72,sedih,-0.9341029714739949,0.4243170552008385,-0.28817854723720865
73,sedih,-0.9408184848422009,0.26274307185259016,-0.167247969128983
74,sedih,-0.9565419366433092,0.3072729713377851,-0.19609673244451406
75,sedih,-1.0351497497721152,0.43490996605535515,-0.21510801049102554
76,sedih,-1.0976580588348719,0.4361509345085914,-0.1777256575909806
77,sedih,-0.43890268264765603,-0.28054076254540217,-0.1029017618361399
78,sedih,-1.3096366417160479,0.861591706168547,-0.43094479109889117
79,sedih,-1.2397118579648287,0.7371164284115026,-0.36810019818728995
80,bahagia,-0.8777380287682287,0.1128812411487779,-0.005658720697102456
81,bahagia,-0.7627911640821722,0.2503183775423027,-0.330044754663781
82,bahagia,-0.7612174854265379,-0.07308460970006561,0.02442680000306449
83,bahagia,-0.5576782329267586,-0.2169451189465157,-0.034840720895730364
84,bahagia,-1.227563796905363,0.6280768220651864,-0.2649343622463499
85,bahagia,-1.1128134774405225,0.717975067359151,-0.4453402355187991
86,bahagia,-0.9114533553222827,-0.07174512324983957,0.08112196784716655
87,bahagia,-1.389515532551382,0.8695756423148789,-0.32283061384937106
88,bahagia,-1.081010048986069,0.6209588541664299,-0.4207428088838645
89,bahagia,-0.8635138020562169,0.20598131701378158,-0.2201388266097532
90,marah,-0.8256796945041724,0.07642302193641276,-0.10893201288388113
91,marah,-1.231200228256847,0.8313743597572028,-0.48684470963208026
92,marah,-0.7869114550436844,0.3388685748255787,-0.3999845139400296
93,marah,-0.9477167540894824,0.3994182690555279,-0.31803666277405773
94,marah,-0.8912900557327551,0.4494221550656634,-0.3986531047096117
95,marah,-0.9167443677206141,0.36336040915968965,-0.2645941608760309
96,marah,-0.8964387639405393,0.13381074456903275,-0.10284674670847721
97,marah,-1.1659370185256037,0.5414106510605319,-0.2556672071899525
98,marah,-0.682848237731917,0.050960729696663945,-0.21448953513335042
99,marah,-1.2797305160785712,0.8401836296163738,-0.3851309714509755
100,kecewa,-1.2536315790558823,0.7395558232633517,-0.3356303304476197
101,kecewa,-1.001624843659591,0.2275936901773383,-0.08102670212663972
102,kecewa,-0.5737756424941676,0.028887402354346198,-0.33610568971920063
103,kecewa,-1.3554337564700774,0.696582610928077,-0.19782163035964728
104,kecewa,-0.7399944405482434,-0.22427222912435302,0.10756303696715365
105,kecewa,-0.8040911218236606,-0.13308642308577026,0.07238651719571387
106,kecewa,-0.5063689044974119,-0.06444360216764186,-0.2942508316067479
107,kecewa,-1.0108414575146183,0.4513009381654518,-0.3251489838961735
108,kecewa,-1.4503266787365885,0.7666823901934484,-0.1658563280448883
109,kecewa,-0.888821456521941,0.11528806933009418,-0.10665257147074789
110,sedih,-0.5737003933895869,0.02032875766078901,-0.24648759111181456
111,sedih,-1.1153153068394988,0.38680364951678614,-0.136430449710929
112,sedih,-1.398062408878069,0.8427500218935021,-0.2908099645696526
113,sedih,-1.2931835980888877,0.8098424838940839,-0.32471559917093307
114,sedih,-0.9974902782648088,0.3620395603678042,-0.20917114728658748
115,sedih,-0.6884287938993647,0.3052212981602613,-0.4469253278910663
116,sedih,-0.8829572319802246,0.038054658785195275,0.03065164985358907
117,sedih,-0.9568071767230607,0.33212043736796115,-0.16772912213658536
118,sedih,-0.8928758096022454,0.04109918557417362,0.007114276591144614
119,sedih,-1.2847197755858524,0.9365209619510422,-0.423425361769542
120,bahagia,-0.7475383985143936,0.4037862241193906,-0.534527682547884
121,bahagia,-1.135760447156863,0.5677186674852073,-0.26406581288847314
122,bahagia,-0.6250110144606197,-0.21810348157571377,0.10450563004393072
123,bahagia,-0.8323332370662638,0.16185172939466735,-0.15799077304513337
124,bahagia,-0.7142430877830992,0.33798318792180443,-0.4507652221239623
125,bahagia,-0.9965915289903459,0.4836821070277661,-0.25775541514523065
126,bahagia,-1.1135290715597057,0.6434467742104085,-0.25741478876703117
127,bahagia,-0.7572887152592966,0.04420080967096363,-0.04115562041443675
128,bahagia,-1.2384225476079618,0.7912996119188471,-0.3102082073188945
129,bahagia,-1.1659936632343098,0.7376512865915241,-0.29137938268512825
130,marah,-0.9312158601364177,0.4309521786216072,-0.33382286424751884
131,marah,-0.640920620656998,0.13588777572266822,-0.4318168246979229
132,marah,-1.1323151958344906,0.6482096558942261,-0.3772658691343249
133,marah,-0.8704494344552706,0.2430717498500658,-0.10700069833592483
134,marah,-0.9536327558046896,0.4741177648468395,-0.3241410370444746
135,marah,-1.3562899410102387,0.7602365843107101,-0.24067890545889317
136,marah,-1.4291750718336613,0.8943970841256763,-0.3195022264169525
137,marah,-1.0735652815756438,0.6658705210289947,-0.44464889065521135
138,marah,-0.9180967265062768,0.3252890302160225,-0.14027365209176146
139,marah,-0.9939335365752711,0.580311472629741,-0.32911449202260445
140,kecewa,-0.8198910933773909,0.42626763191749034,-0.49760503609733603
141,kecewa,-0.8232515129314929,0.2879997038962238,-0.3477085419017235
142,kecewa,-1.4259812471314972,1.0632413731899217,-0.5220888889697652
143,kecewa,-1.2334002937274229,0.7299085094028752,-0.32286008147282746
144,kecewa,-1.0834421553965043,0.5884828733898388,-0.34241788153453295
145,kecewa,-1.2807802166293873,0.8405835564253727,-0.3645285875223425
146,kecewa,-1.497338993767877,1.10511658473242,-0.432169398991103
147,kecewa,-1.0170930799119138,0.519797216379439,-0.41092272246673556
148,kecewa,-1.1946063763197072,0.7644314552770842,-0.3319283368666805
149,kecewa,-0.7725296816327794,0.16086945027783917,-0.2466373047397976
150,sedih,-0.8249878949567927,0.045567243260824994,-0.06123098187327414
151,sedih,-0.6571934406846746,-0.28265127095822756,0.10732744188538038
152,sedih,-1.0151530049507311,0.593105675439479,-0.45994341350813234
153,sedih,-1.1722623752982835,0.4401344617261586,-0.039270100483816184
154,sedih,-0.979188444453027,0.5511864497181316,-0.35080331200839604
155,sedih,-1.1548877666773585,0.5385406428129829,-0.2172159515100336
156,sedih,-0.9758286847251842,0.4478139708647747,-0.3233865850976902
157,sedih,-1.1805083866281958,0.7007206476931933,-0.3387483361868241
158,sedih,-1.1995820175504535,0.6457464416122665,-0.2313692488537356
159,sedih,-1.0527999477393302,0.7317345937107615,-0.5661577841237265
160,bahagia,-0.865165746137002,0.29420686835092597,-0.1201747955715875
161,bahagia,-0.8693678030281113,0.3020494588588928,-0.15942462728928156
162,bahagia,-1.1109364789090417,0.682118921870732,-0.40211631423991673
163,bahagia,-0.8967403699554483,0.5793869936443934,-0.5494645971686204
164,bahagia,-0.5762374081315931,-0.05877523860282105,-0.18096561014519802
165,bahagia,-1.0990937719223974,0.3528874825494353,-0.1367245297225147
166,bahagia,-0.4880975058782793,-0.2583106416795526,-0.07926743235662735
167,bahagia,-1.1965263074485266,0.7658020976870352,-0.38883918617060054
168,bahagia,-1.0826648387115194,0.2829528345327428,0.01175709958701577
169,bahagia,-1.0629733935474912,0.694980413539192,-0.4314058505794174
170,marah,-0.6269416081449654,-0.2294048462028772,0.06732375036256617
171,marah,-1.0695184743743251,0.30403456488179936,-0.07119554042627273
172,marah,-1.5055518838271607,0.9844204299919029,-0.32703176019526914
173,marah,-0.826537330006329,0.36278011386664083,-0.218413551580406
174,marah,-1.33163412116161,0.9648136969986398,-0.4284936052099724
175,marah,-0.42424290063664744,-0.17062183729445388,-0.21814647969647658
176,marah,-1.3330616434505917,0.9167816827568682,-0.4430150933819497
177,marah,-1.0944429574558152,0.6458350687337484,-0.3283877313577542
178,marah,-1.3480480623317,0.9065695036786314,-0.3800300472642764
179,marah,-1.1798480482412355,0.716805069563146,-0.30094381589274943
180,kecewa,-0.8993060042639311,0.4023914345894013,-0.3546655533677614
181,kecewa,-1.0495460273361246,0.37698542227340287,-0.18878937108864394
182,kecewa,-0.9488400711810712,0.28257777950985385,-0.13833668549135625
183,kecewa,-1.1536554284201577,0.5372004344783923,-0.2517267746657619
184,kecewa,-0.8853535659515054,0.3053226010496728,-0.22666106534403804
185,kecewa,-1.0013820199158414,0.34458513238495847,-0.18422909793894296
186,kecewa,-1.3998599907214775,0.9362617999430844,-0.33397878623009636
187,kecewa,-1.0428019702078903,0.6130047063538244,-0.3785983057070843
188,kecewa,-0.9902615934422041,0.4184491960792086,-0.19957479874409384
189,kecewa,-1.027709088761424,0.48450866265874803,-0.24642293505688542
190,sedih,-1.1844347959830428,0.5873779891894849,-0.21092131126321884
191,sedih,-0.8527361456758943,0.2031087884792307,-0.07499221925297835
192,sedih,-1.2359265750332404,0.8207984459711585,-0.3201286268231585
193,sedih,-0.7215444905760839,-0.2311517251313421,0.11758740809738795
194,sedih,-0.8434849733935312,0.4825212915769084,-0.5321418761262278
195,sedih,-1.3145958254163423,0.5451502224164376,-0.08112835202779145
196,sedih,-0.9018448673564334,0.3469205515762116,-0.28482150480286456
197,sedih,-1.033890075748134,0.38102420532800607,-0.24220607897764973
198,sedih,-0.8694083315388939,0.4148231140397069,-0.4040142937590053
199,bahagia,-1.0453540253498177,0.5865974779341978,-0.3782418413508847
200,bahagia,-0.8473651318991896,0.3351333472645508,-0.3465447803408207
201,bahagia,-1.0563545642549843,0.47797827390432346,-0.2583006666243099
202,bahagia,-0.7419911413744006,0.19514011253336466,-0.32708766328626376
203,bahagia,-1.1441400718389019,0.8866585948770671,-0.6225368964768914
204,bahagia,-1.1107497004905318,0.7895292876572761,-0.47723947186949456
205,bahagia,-1.2236710368501993,0.9580301154932438,-0.6149698142908917
206,bahagia,-1.0626869383938204,0.5316273594158116,-0.33834175040274284
207,bahagia,-0.7640719535868592,0.21876968373802982,-0.29030439445761425
208,bahagia,-0.965323579708797,0.6114031404504707,-0.5152887762019583
209,marah,-0.7208312066159503,0.0116794029725691,-0.17281412349359157
210,marah,-1.219219696846925,0.5411772267739979,-0.1501905076864221
211,marah,-0.7744860617055364,-0.03992878020879642,-0.04212349295316845
212,marah,-1.2268154575298027,0.845742669504314,-0.4192366163226153
213,marah,-0.6389015949167873,0.10627260096449431,-0.37981165332603156
214,marah,-1.1578598303206997,0.41934791682516626,-0.13828784213371562
215,marah,-1.087660642045128,0.551376150202554,-0.27947052265471606
216,marah,-0.9988049069436621,0.2559228758048526,-0.1314518380941512
217,marah,-1.3209527645915493,0.6615732844611759,-0.20354800178861995
218,marah,-1.078576802357435,0.6905874864830097,-0.4560687374300221
219,kecewa,-0.8948320565385971,0.16287120333960492,-0.06215302289254356
220,kecewa,-0.6685352939323064,0.123483952026252,-0.29731421213840925
221,kecewa,-1.105315256215407,0.7515957660323878,-0.530913001987965
222,kecewa,-0.74286047850896,0.15397307416007128,-0.2032513722203139
223,kecewa,-0.6737569835904677,0.13653229335253064,-0.33014792395859743
224,kecewa,-1.2831978071632095,0.8903967335016361,-0.3871181975763853
225,kecewa,-1.121360983308518,0.5527295088108855,-0.25082282523069904
226,kecewa,-1.0208223494847397,0.5147044829679399,-0.380522409316988
227,kecewa,-1.229175646704977,0.7684359528742774,-0.4144808657734072
228,kecewa,-1.3729769417696385,1.0120865324226647,-0.5200173185183112
229,sedih,-1.075734801224507,0.2282390745480394,-0.021479989669960637
230,sedih,-1.0132652334173384,0.42493785109032745,-0.28519104306497894
231,sedih,-0.8198849520119852,0.23240360958629402,-0.2728597603845798
232,sedih,-1.1079678436326215,0.5283565784369477,-0.2750430252979251
233,sedih,-1.2485056807862143,0.9022747672153748,-0.5129293528296526
234,sedih,-0.7635276256782751,0.07463489764850977,-0.21130621408107444
235,sedih,-0.9281050851852505,0.5166556761592543,-0.5183772545984532
236,sedih,-0.9387409135339505,0.4699619172227711,-0.34797096169488545
237,sedih,-0.8658595366583252,0.22007348744504723,-0.1495654574252078
238,sedih,-0.870913897824205,0.15680234604931426,-0.15100031296666216
239,bahagia,-1.0412745016863258,0.42714581364430193,-0.2581143504373307
240,bahagia,-1.1573876534378036,0.6961729748337746,-0.4092028317938631
241,bahagia,-0.6210913218760993,-0.25488048333679947,0.07297814394676497
242,bahagia,-1.453596550245577,1.021497575901581,-0.3822451937839378
243,bahagia,-0.7901259264712032,0.507098591274157,-0.6220718789635413
244,bahagia,-0.8667382800945792,0.12490478198853686,-0.022541818755910208
245,bahagia,-1.0008199047780975,0.21635844526623044,0.05417377460340008
246,bahagia,-1.359218703169863,0.9458953021732789,-0.4115936227396933
247,bahagia,-1.4027664138987632,1.0088018146509703,-0.3920377894417357
248,bahagia,-0.7161461474980768,-0.24996185498439943,0.15810205368294877
249,marah,-1.0958033077218017,0.6643916408320754,-0.28023198664029825
250,marah,-0.8391687452761023,0.1968416781326964,-0.2312147225026565
251,marah,-0.8328140222999066,0.3268776412660778,-0.3285373564945377
252,marah,-1.584044690878649,1.208484473886732,-0.4573561408003139
253,marah,-1.019468526690713,0.7612257328827323,-0.6065840034003961
254,marah,-1.2569578628069698,0.8945207216139984,-0.38545873167968775
255,marah,-0.9408608951496403,0.46586205110809453,-0.4056415973767049
256,marah,-1.0024027011279126,0.6376622606248992,-0.4746393242668717
257,marah,-1.2045701634297037,0.835348254667331,-0.361433234195411
258,marah,-1.407236111796156,0.9927577489015142,-0.4015912475236728
259,kecewa,-1.101708688000507,0.7400807792706869,-0.5434267395147501
260,kecewa,-1.1361617454987012,0.5342391072092558,-0.16018727007176217
261,kecewa,-0.4140562231602468,-0.267177909637766,-0.07279665948950709
262,kecewa,-0.6231530518545438,-0.22531134663800906,-0.04274429043054926
263,kecewa,-1.2372793901349997,0.82817244959646,-0.4358670044154343
264,kecewa,-1.2814146295017272,0.8026438974198571,-0.3377006933032817
265,kecewa,-1.050718953144757,0.598926740299311,-0.33254384604421877
266,kecewa,-1.2553077122440681,1.0053705410147804,-0.6505919858664929
267,kecewa,-1.4567380463460937,0.9069683243215823,-0.30521621278134564
268,kecewa,-1.3195152589419328,0.7961404756319286,-0.30950713678870734
269,sedih,-1.3786225503331655,0.8690143920904643,-0.3029533725299147
270,sedih,-1.2694900365469237,0.6972508041484433,-0.28148492321935686
271,sedih,-0.631090695527782,-0.05564075842661052,0.012930009429302803
272,sedih,-0.8824740099529053,0.14259430885732213,-0.07418029478729435
273,sedih,-0.9509591080247808,0.3330408918862437,-0.28106301659211397
274,sedih,-1.1002350732215378,0.6627726102472886,-0.4440045198108482
275,sedih,-1.3530608851369474,0.8772127346188585,-0.33706166084665945
276,sedih,-1.258871633918806,0.4918499248160346,-0.06514566851243497
277,sedih,-1.1725238800909166,0.7007186425894829,-0.33413687767698463
278,sedih,-0.8331227490181219,0.15331394630348172,-0.18274834276168406
279,bahagia,-1.032038894409193,0.738597945901552,-0.5802107810897162
280,bahagia,-0.8449916028912247,0.4033743850750071,-0.4082703594698952
281,bahagia,-1.2466927107857397,0.7631127152352855,-0.33362267913447063
282,bahagia,-0.5217030673056077,-0.12138083533952242,-0.12334708320836324
283,bahagia,-0.948905039230282,0.32773971866852564,-0.21824122366701834
284,bahagia,-0.7475201185578946,-0.019587374490891384,-0.021765188629990932
285,bahagia,-0.7032970521883498,0.28097088151306493,-0.39688027326321224
286,bahagia,-0.8772377016077781,0.5636539998828464,-0.5589371195319799
287,bahagia,-1.177493201218182,0.4917663722348561,-0.11640787130574883
288,bahagia,-0.8339047791986691,0.22840048563587642,-0.09925949736583063
289,marah,-0.9249821502173365,0.31929529097656384,-0.062334003962728195
290,marah,-1.1020963368364334,0.7094355538913131,-0.34998573068329464
291,marah,-1.3094421168278403,0.9571331803589869,-0.42077316150634986
292,marah,-0.5521182831743174,-0.0427305480867457,-0.2439161544566078
293,marah,-1.0435154148202797,0.5057434470569875,-0.3109071245322171
294,marah,-1.421895366719539,1.0361591324655652,-0.42982356071099365
295,marah,-1.0242931146745593,0.6580637086939511,-0.4435511209168771
296,marah,-1.2247963843859764,0.860040606405568,-0.4278542965902736
297,marah,-1.1565550554942168,0.8093300451921839,-0.47489432119023706
298,marah,-1.21046014116444,0.7244226970099723,-0.3107246433625078
299,kecewa,-1.0324016902551554,0.32890624586028944,-0.13944932272677735
300,kecewa,-1.010839424215694,0.3003839485280746,-0.14440184394753114
301,kecewa,-1.3500978967434638,0.5939985267389138,-0.06836876331890032
302,kecewa,-1.4138578465807874,1.0383631829853304,-0.48905023056386127
303,kecewa,-1.3869006216695678,0.884877881018928,-0.3188279461809305
304,kecewa,-0.7486092235100078,0.2036724293561723,-0.2656970037948978
305,kecewa,-1.07073277616883,0.7087507703205599,-0.5196920650485308
306,kecewa,-0.8767574230611238,0.10600385924820893,-0.04593121389997405
307,kecewa,-1.1577084475386998,0.6807109984542471,-0.3551444948065746
308,kecewa,-1.2756468531636878,0.8755581404030925,-0.4519322226275068
309,sedih,-1.1823607959312097,0.4489057128818847,-0.09484273907199564
310,sedih,-0.7376510712291701,0.13485445840490373,-0.27403541617488447
311,sedih,-0.9431395767715302,0.24842878668777862,-0.14672560710528088
312,sedih,-0.9549201989305318,0.19749317912381759,-0.055068171784788136
313,sedih,-0.9914182248043202,0.3491047048411622,-0.17989430669254197
314,sedih,-1.120551972752835,0.6954762540506596,-0.40920103090894366
315,sedih,-0.36911212318099157,-0.36279858088575284,-0.06232304163338582
316,sedih,-1.3296645258614754,0.7725718851373029,-0.2633408904948209
317,sedih,-1.0161633414407947,0.3813059526006758,-0.21456529373698716
318,sedih,-1.1064360084975418,0.47576342822944806,-0.2619927728258017
319,bahagia,-1.2352747217016695,0.7144067582305349,-0.3268101325464132
320,bahagia,-1.2645176852512963,0.8227868800713622,-0.34544801062150904
321,bahagia,-0.623423108626213,-0.05710137768994954,-0.15259019909607385
322,bahagia,-1.2037260877914773,0.9103965582884463,-0.5517928063053108
323,bahagia,-0.6843954476698237,-0.17722097254330207,0.06770892505722827
324,bahagia,-0.7557097763713814,0.3966959634060021,-0.5049915643844973
325,bahagia,-1.226938315734762,0.7936693127837651,-0.3468021578379068
326,bahagia,-0.9730374723910978,0.38507504538299714,-0.22729027023540022
327,bahagia,-1.035615462449,0.46210581588514177,-0.1411090251908949
328,bahagia,-1.021947006958149,0.27832972032864056,-0.10599397272479824
329,marah,-1.316240170889164,0.9351261012697306,-0.40386575231159777
330,marah,-1.0228019565977529,0.4809243712302741,-0.24225792584211964
331,marah,-1.1015921444227268,0.5350189709924125,-0.3067972596836637
332,marah,-0.8777222961404046,0.1445950603249757,-0.05285725535951578
333,marah,-1.3611474937893668,0.7323735648891329,-0.16383616716134577
334,marah,-0.7147338660356144,0.009851651869613787,-0.10503482998407294
335,marah,-0.9398696736133864,0.4097604164365887,-0.19506894654380913
336,marah,-1.1498571278430023,0.4330667434806943,-0.09507928947672158
337,marah,-1.4169789872549663,0.7927299149668854,-0.21499531940577993
338,marah,-1.5556994839634306,1.1712249550752487,-0.426177593199432
339,kecewa,-1.3128966933096025,0.932399898499449,-0.44401013439640274
340,kecewa,-0.7942807854564764,0.11824989509933256,-0.07094220489608864
341,kecewa,-1.0209544306281058,0.34246647154215415,-0.12690363660401974
342,kecewa,-1.2389514922061118,0.5650313793815979,-0.1725062882533666
343,kecewa,-0.9994495691074433,0.17675718940838758,0.0803569064589851
344,kecewa,-0.9717209171813557,0.35896106660361815,-0.16562298779495216
345,kecewa,-1.000938557410163,0.3563839484861759,-0.18716070977875832
346,kecewa,-1.5927329734991,1.1163056294450926,-0.3842913120471783
347,kecewa,-1.3428683921635114,0.9277057454396844,-0.3562329153927463
348,kecewa,-1.0809264964543566,0.3913777395343061,-0.11317782202884762
349,sedih,-1.1256422133110595,0.40459851019880283,-0.06596608796692141
350,sedih,-1.2205384513176758,0.7797427003337889,-0.31715439909111065
351,sedih,-1.059171563710835,0.2935036357633025,-0.01386682581002189
352,sedih,-1.425829176208743,1.0123367080817867,-0.3891794434829249
353,sedih,-0.9495181128056005,0.5243657648419343,-0.3766367149274508
354,sedih,-1.1805185555306514,0.595690584773445,-0.26763771470342246
355,sedih,-0.9871353611682306,0.40367585379969373,-0.1792249956801582
356,sedih,-1.345430536695272,0.9343700734886906,-0.4049844416717071
357,sedih,-1.3010947321611552,0.912293854268222,-0.4395414472606417
358,sedih,-1.2608236197573803,0.6105543476706909,-0.13593951528088558
359,sedih,-0.923104629909108,0.11404701113728492,0.015071631265235303
360,bahagia,-0.978696210822234,0.500796174251297,-0.26129455578183874
361,bahagia,-1.2034994395914804,0.6927110119588582,-0.2852828871898952
362,bahagia,-0.6611042891060541,0.014521806680738727,-0.1446615737547191
363,bahagia,-1.100381984263014,0.6064349854240374,-0.24982252337508834
364,bahagia,-1.2481283281965654,0.7420199755350867,-0.2721373387249274
365,bahagia,-1.3462743639132915,0.8805528757426453,-0.3477540337619229
366,bahagia,-1.171798404771846,0.7766199005968202,-0.3994247192781818
367,bahagia,-1.3236985287295393,0.8284486480044124,-0.3114302509277917
368,bahagia,-1.0091597407305204,0.37947925610672606,-0.2292336542192848
369,bahagia,-1.2003864788397522,0.4702405054364217,-0.08942633018886754
370,marah,-1.120462091592089,0.5576918858319041,-0.20430615326315169
371,marah,-0.9595298111881106,0.6402470149146983,-0.5335138602891648
372,marah,-0.9514742146368672,0.48957513418646725,-0.37791026560461116
373,marah,-0.9128804438782971,0.3593639873183383,-0.18555766521459335
374,marah,-1.2659639599196542,0.8553851792392622,-0.48569372479136735
375,marah,-1.1425496723816408,0.8415674120708847,-0.5601250784090799
376,marah,-1.05329437363874,0.7768392119118117,-0.5825263939651342
377,marah,-1.6590970437955623,1.2586099764575311,-0.45800946035665424
378,marah,-1.1293462441777753,0.7729482688078759,-0.5007687046056519
379,marah,-1.5793857285390271,1.1616949112683,-0.4096408743484858
380,kecewa,-1.0250961613382952,0.5024691740893861,-0.3217416090457221
381,kecewa,-1.0720147641183146,0.5436910240971017,-0.25454076018300936
382,kecewa,-0.9123185055296493,0.4633145961888968,-0.34701940839092715
383,kecewa,-1.2030839522816636,0.6974669757874137,-0.2884341976925856
384,kecewa,-1.047421889490116,0.35449978490140266,-0.1757500147193463
385,kecewa,-0.9910981438926199,0.49046457110496694,-0.26043250423355335
386,kecewa,-1.0207144540820106,0.7256946008348782,-0.6137286320169759
387,kecewa,-0.6359096677544597,-0.2989013139959511,0.12068264531564842
388,kecewa,-1.160483717832084,0.6009289714527164,-0.3001300374071072
389,kecewa,-1.0813349330341577,0.40747650561233895,-0.14125841557349464
390,sedih,-1.1383428771293345,0.6061063642040461,-0.22228457814330665
391,sedih,-1.2405428669849716,0.6153731648307628,-0.19209284690383255
392,sedih,-1.2511497089602734,0.5763152428668629,-0.13996679790924704
393,sedih,-0.7051405768195483,0.09240955106899312,-0.22002437476319722
394,sedih,-1.0669290352941287,0.41625875181697186,-0.17626684331821368
395,sedih,-1.011303658351291,0.45917068656053384,-0.159995798502121
396,sedih,-1.5888671998117725,1.199293419923294,-0.45790717102021367
397,sedih,-0.835207311184629,0.11266382160428454,-0.1281415687329581
398,sedih,-1.3039628639546867,0.8990138183332756,-0.43715056381777206
399,sedih,-0.914919854666591,0.30762948850576355,-0.14664565600581073
